WKT,name,description,nome,latitudine,longitudine
POINT (8.9136861 45.3899768),Abbiate 1,,,45.3899768,8.9136861
"POLYGON ((8.91359 45.389856, 8.913719 45.389839, 8.913749 45.389969, 8.913617 45.389975, 8.91359 45.389856))",Abbiate 1,,,45.389856,8.91359
POINT (8.920069 45.400926 0.0),Abbiate 2,,,45.400926,8.920069
"GEOMETRYCOLLECTION (POLYGON ((8.920206 45.400977, 8.920227 45.400814, 8.920391 45.400847, 8.920345 45.401007, 8.920206 45.400977)), POLYGON ((8.919933 45.400948, 8.91974 45.40104, 8.919762 45.400959, 8.919842 45.400924, 8.919933 45.400948)))",Abbiate 2,,,,
POINT (9.179998 45.4221888),Abbiategrasso Condominio,,,45.4221888,9.179998
,,,,,
"POLYGON ((9.1796909 45.4220326, 9.1796923 45.4219488, 9.180332 45.4219431, 9.1803279 45.422089, 9.180226 45.4220919, 9.1802233 45.4221408, 9.1798009 45.4221427, 9.1798036 45.4220363, 9.1796909 45.4220326))",Abbiategrasso Condominio,,,45.4220326,9.1796909
POINT (9.177478 45.468126 0.0),Ago e filo,Water challanges kinda stuff,,45.468126,9.177478
"GEOMETRYCOLLECTION (POLYGON ((9.177435 45.468088, 9.1773147 45.4681768, 9.177181 45.468276, 9.177158 45.468274, 9.176947 45.468138, 9.176943 45.468064, 9.177435 45.468088)), POLYGON ((9.177638 45.468075, 9.177851 45.468041, 9.177854 45.468056, 9.177643 45.468151, 9.177619 45.468143, 9.177638 45.468075)), POLYGON ((9.177635 45.468023, 9.177566 45.467923, 9.177916 45.467934, 9.177929 45.467965, 9.177846 45.467991, 9.177635 45.468023)))",Ago e filo,,,,
POINT (9.2002721 45.4859497),Aldi Centrale,,,45.4859497,9.2002721
,,,,,
"POLYGON ((9.2002814 45.4860376, 9.2002224 45.485984, 9.2004075 45.4858853, 9.2004719 45.4859473, 9.2002814 45.4860376))",Aldi Centrale,,,45.4860376,9.2002814
POINT (9.1486243 45.3977323),Assago,Water hoses go off at 20.15 and almost every building around has a fun descent on the emergency stairs,,45.3977323,9.1486243
"POLYGON ((9.148671 45.397662, 9.148706 45.39772, 9.148524 45.397772, 9.148478 45.3977, 9.148664 45.397649, 9.148671 45.397662))",Assago,Water hoses go off at 20.15 + almost every building has a descent on the emergency stairs,,45.397662,9.148671
POINT (9.0903769 45.4633377),Baggio Biblioteca,Go when the library's closed to avoid getting kicked off,,45.4633377,9.0903769
"POLYGON ((9.090133 45.4634, 9.090246 45.463191, 9.09052 45.463255, 9.090455 45.463356, 9.090546 45.463375, 9.090514 45.463452, 9.09042 45.463428, 9.090402 45.463464, 9.090133 45.4634))",Baggio Biblioteca,Go when the library's closed to avoid getting kicked off,,45.4634,9.090133
POINT (9.1166926 45.5267644),Baranzate,,,45.5267644,9.1166926
"POLYGON ((9.1165793 45.526671, 9.1170735 45.5266179, 9.1170648 45.5267884, 9.1167007 45.5268222, 9.1166879 45.526841, 9.1165759 45.5268358, 9.1165793 45.526671))",Baranzate,,,45.526671,9.1165793
POINT (9.2700279 45.4044261),Borgo Lombardo Train Station,,,45.4044261,9.2700279
"POLYGON ((9.2698495 45.4045212, 9.2700721 45.4043348, 9.2701915 45.4044045, 9.2699635 45.4045871, 9.2698495 45.4045212))",Borgo Lombardo Train Station,,,45.4045212,9.2698495
POINT (9.161925 45.507705 0.0),Bovisa Muri Bianchi ,,,45.507705,9.161925
,,,,,
"POLYGON ((9.161769 45.507582, 9.162041 45.507633, 9.16201 45.507708, 9.161908 45.50769, 9.161734 45.507759, 9.161719 45.50774, 9.16186 45.507684, 9.161785 45.507672, 9.161802 45.507626, 9.161749 45.507618, 9.161769 45.507582))",Bovisa Muri Bianchi,,,45.507582,9.161769
,,,,,
POINT (9.1858737 45.5364082),Bresso Condomini Via S. Giacomo,,,45.5364082,9.1858737
,,,,,
"POLYGON ((9.1857959 45.5363781, 9.1857906 45.5363312, 9.1858871 45.5363143, 9.1858925 45.5363894, 9.1857959 45.5363781))",Bresso Condomini Via S. Giacomo,,,45.5363781,9.1857959
POINT (9.1935539 45.5312296),Bresso Parco Via Veneto,There's also a small rooftop.,,45.5312296,9.1935539
"POLYGON ((9.1931731 45.5314118, 9.1931435 45.5311018, 9.1931757 45.5310962, 9.1932321 45.5310943, 9.193216 45.5309909, 9.193621 45.5309665, 9.1936103 45.5308388, 9.1938302 45.5308237, 9.1938436 45.5310717, 9.194195 45.5310567, 9.1942084 45.5313818, 9.1931731 45.5314118))",Bresso Parco Via Veneto,There's also a small rooftop.,,45.5314118,9.1931731
POINT (9.1923434 45.5356764),Bresso Poste,,,45.5356764,9.1923434
"POLYGON ((9.1921932 45.535667, 9.1921959 45.5354604, 9.1926398 45.5355477, 9.1925955 45.5356116, 9.1925955 45.535621, 9.1926102 45.5356708, 9.1925633 45.5357159, 9.1924252 45.5356971, 9.1923729 45.5356595, 9.1921932 45.535667))",Bresso Poste,,,45.535667,9.1921932
POINT (9.1903871 45.5337525),Bresso Vicolo Isetta,,,45.5337525,9.1903871
,,,,,
"POLYGON ((9.190481 45.5329276, 9.1906715 45.5329445, 9.190304 45.5344007, 9.1901806 45.5343837, 9.1905266 45.5329746, 9.1904676 45.5329671, 9.190481 45.5329276))",Bresso Vicolo Isetta,,,45.5329276,9.190481
,,,,,
POINT (9.101542 45.474349 0.0),Campi Basket Parco delle Cave,,,45.474349,9.101542
"POLYGON ((9.101542 45.474349, 9.101216 45.474249, 9.101235 45.474206, 9.101602 45.474309, 9.101542 45.474349))",Campi Basket Parco delle Cave,,,45.474349,9.101542
POINT (9.093181 45.449063 0.0),Casa Ambrosiana,,,45.449063,9.093181
"POLYGON ((9.093036 45.44888, 9.093186 45.44885, 9.093315 45.448879, 9.093511 45.449063, 9.093498 45.449219, 9.093438 45.44924, 9.093036 45.44888))",Casa Ambrosiana,,,45.44888,9.093036
POINT (9.086568 45.441926 0.0),Cerchi Cesano,,,45.441926,9.086568
"POLYGON ((9.087293 45.441362, 9.087162 45.441611, 9.086902 45.44187, 9.086878 45.442057, 9.08669 45.442343, 9.086548 45.442548, 9.08647 45.442533, 9.086505 45.44248, 9.086564 45.442488, 9.086658 45.442354, 9.086599 45.44233, 9.086658 45.442286, 9.086762 45.44219, 9.086813 45.442051, 9.086808 45.441998, 9.086867 45.441994, 9.086832 45.44191, 9.086824 45.441865, 9.086872 45.441848, 9.087132 45.441605, 9.0871 45.441592, 9.087114 45.44156, 9.087135 45.441552, 9.087124 45.441469, 9.087181 45.441434, 9.087293 45.441362))",Cerchi Cesano,,,45.441362,9.087293
POINT (9.091964 45.439293 0.0),Chiesa Cesano,,,45.439293,9.091964
"POLYGON ((9.091776 45.439109, 9.091913 45.439087, 9.091983 45.439269, 9.091964 45.439293, 9.091851 45.439237, 9.09179 45.439166, 9.091776 45.439109))",Chiesa Cesano,,,45.439109,9.091776
POINT (9.1925789 45.5564137),Chiesa Cusano,,,45.5564137,9.1925789
,,,,,
"GEOMETRYCOLLECTION (POLYGON ((9.1926165 45.5565555, 9.1925722 45.5566532, 9.192414 45.5566156, 9.1924569 45.556518, 9.1926165 45.5565555)), POLYGON ((9.1930912 45.5563738, 9.1933393 45.5564278, 9.1933219 45.5564541, 9.1930778 45.5564034, 9.1930912 45.5563738)), POLYGON ((9.192827 45.556316, 9.1927855 45.5563949, 9.1926889 45.5563762, 9.1926715 45.5563696, 9.1927131 45.5562907, 9.192827 45.556316)))",Chiesa Cusano,,,,
,,,,,
POINT (9.1724781 45.4304452),Chiesa Rossa,,,45.4304452,9.1724781
"POLYGON ((9.172385 45.430508, 9.172351 45.430455, 9.172417 45.430422, 9.172312 45.430374, 9.172344 45.430342, 9.172423 45.430372, 9.172458 45.430399, 9.172465 45.430334, 9.172496 45.430303, 9.172564 45.430308, 9.172602 45.430316, 9.172712 45.430273, 9.172752 45.43033, 9.172496 45.430433, 9.172513 45.430448, 9.172385 45.430508))",Chiesa Rossa,,,45.430508,9.172385
POINT (9.14072 45.460852 0.0),Chiosco Bande Nere,,,45.460852,9.14072
"POLYGON ((9.140736 45.460836, 9.14066 45.460848, 9.140564 45.460825, 9.140545 45.460778, 9.140601 45.460729, 9.140738 45.460712, 9.140854 45.460738, 9.140856 45.460782, 9.140797 45.460823, 9.140736 45.460836))",Chiosco Bande Nere,,,45.460836,9.140736
POINT (9.207258 45.5119331),Collina dei Ciliegi,,,45.5119331,9.207258
"POLYGON ((9.207168 45.511973, 9.207082 45.511929, 9.207205 45.511805, 9.207318 45.511862, 9.207194 45.511986, 9.207168 45.511973))",Collina dei Ciliegi,,,45.511973,9.207168
POINT (9.079837 45.5765691),Comune di Garbagnate,,,45.5765691,9.079837
,,,,,
"POLYGON ((9.079483 45.5765326, 9.0795219 45.576281, 9.0801991 45.5763646, 9.0800878 45.5766359, 9.0799041 45.5766105, 9.079896 45.5765664, 9.079483 45.5765326))",Comune di Garbagnate,,,45.5765326,9.079483
,,,,,
POINT (9.1355919 45.4410247),Conad spot,,,45.4410247,9.1355919
"POLYGON ((9.135107 45.441044, 9.13522 45.44084, 9.135823 45.440816, 9.135799 45.440897, 9.13563 45.4412, 9.135107 45.441044))",Conad spot,,,45.441044,9.135107
POINT (9.176578 45.4458861),Conchetta del Naviglio Pavese,,,45.4458861,9.176578
"POLYGON ((9.1767014 45.4459717, 9.1765264 45.4459039, 9.1764158 45.4455408, 9.1765177 45.4455257, 9.1766062 45.4455652, 9.1767014 45.4459717))",Conchetta del Naviglio Pavese,,,45.4459717,9.1767014
POINT (9.1774132 45.5377184),Cormano Via Don Abbondio,,,45.5377184,9.1774132
,,,,,
"POLYGON ((9.1772736 45.5377043, 9.177271 45.5376658, 9.1773514 45.5376292, 9.177389 45.5375559, 9.177389 45.5375277, 9.1774426 45.5375202, 9.1774185 45.5376151, 9.1773622 45.5376667, 9.1772736 45.5377043))",Cormano Via Don Abbondio,,,45.5377043,9.1772736
,,,,,
POINT (9.107044 45.4275904),Corsico Viale Resistenza,,,45.4275904,9.107044
,,,,,
"GEOMETRYCOLLECTION (POLYGON ((9.1070066 45.4277231, 9.1070723 45.4277353, 9.1069878 45.4279057, 9.1069154 45.4278869, 9.1070066 45.4277231)), POLYGON ((9.1071152 45.4275669, 9.107028 45.427548, 9.1070682 45.4274878, 9.1071474 45.4275104, 9.1071152 45.4275669)))",Corsico Viale Resistenza,,,,
POINT (9.160527 45.481716 0.0),Domodossola,,,45.481716,9.160527
"POLYGON ((9.160739 45.481697, 9.16073 45.481603, 9.160969 45.481603, 9.16102 45.48149, 9.161535 45.481388, 9.161884 45.481622, 9.161707 45.481838, 9.161452 45.48187, 9.161313 45.481977, 9.161259 45.482041, 9.161106 45.48199, 9.16116 45.481911, 9.160739 45.481697))",Domodossola,,,45.481697,9.160739
POINT (9.1728308 45.4362621),Famagosta 2,,,45.4362621,9.1728308
"POLYGON ((9.172678 45.436316, 9.172649 45.436243, 9.172697 45.436234, 9.172705 45.436183, 9.172764 45.436136, 9.172871 45.436142, 9.172912 45.436181, 9.17292 45.436226, 9.173019 45.436209, 9.173094 45.436241, 9.172678 45.436316))",Famagosta 2,,,45.436316,9.172678
POINT (9.109409 45.432549 0.0),Fontana Corsico,,,45.432549,9.109409
"POLYGON ((9.109397 45.432546, 9.109371 45.432543, 9.109355 45.432536, 9.109342 45.432525, 9.109334 45.43251, 9.10933 45.432497, 9.109327 45.432482, 9.109327 45.432468, 9.109334 45.432461, 9.109351 45.432461, 9.109365 45.432463, 9.109375 45.432458, 9.109393 45.43245, 9.109417 45.432446, 9.109446 45.432451, 9.109464 45.432463, 9.109471 45.432474, 9.109473 45.432493, 9.109469 45.432513, 9.109428 45.432506, 9.109409 45.432549, 9.109397 45.432546))",Fontana Corsico,,,45.432546,9.109397
POINT (9.0460717 45.5292134),Fontana Rho,,,45.5292134,9.0460717
"POLYGON ((9.0459101 45.5292153, 9.0459866 45.5291993, 9.0459919 45.5291754, 9.0460201 45.5291585, 9.046067 45.529143, 9.0461173 45.5291453, 9.0461341 45.5291566, 9.0461555 45.5291674, 9.0462353 45.5291543, 9.0461582 45.5293422, 9.0459839 45.5293168, 9.0457975 45.5292886, 9.0459101 45.5292153))",Fontana Rho,,,45.5292153,9.0459101
POINT (9.0321038 45.4062794),Gaggiano Ponte Naviglio Grande,some water challenges,,45.4062794,9.0321038
"POLYGON ((9.0322125 45.4064884, 9.0321199 45.4064884, 9.0319576 45.406415, 9.0319737 45.4063726, 9.0320395 45.4063773, 9.0320287 45.4063199, 9.0319818 45.406302, 9.0320542 45.4062813, 9.0320609 45.40622, 9.0319925 45.4061946, 9.0320153 45.4061137, 9.0321669 45.4061259, 9.0322004 45.4062332, 9.0321695 45.406415, 9.0322084 45.4064197, 9.0322125 45.4064884))",Gaggiano Ponte Naviglio Grande,,,45.4064884,9.0322125
POINT (9.169261 45.485571 0.0),Gerusalemme,,,45.485571,9.169261
"POLYGON ((9.168896 45.485639, 9.169183 45.48536, 9.169524 45.485532, 9.169519 45.485586, 9.169296 45.485821, 9.168896 45.485639))",Gerusalemme,,,45.485639,9.168896
POINT (9.1969654 45.4827763),Gioia,,,45.4827763,9.1969654
"POLYGON ((9.196475 45.482957, 9.196413 45.48282, 9.196974 45.482703, 9.197043 45.482867, 9.196483 45.482983, 9.196475 45.482957))",Gioia,,,45.482957,9.196475
POINT (9.1947793 45.5023212),Istria Parcheggio,,,45.5023212,9.1947793
,,,,,
"POLYGON ((9.1946264 45.5021652, 9.1946573 45.5020862, 9.1948866 45.5021361, 9.1949282 45.5021925, 9.1949255 45.5022564, 9.1948665 45.5023043, 9.1947941 45.5023165, 9.1947176 45.5023109, 9.1946787 45.5022902, 9.1947163 45.502184, 9.1946264 45.5021652))",Istria Parcheggio ,,,45.5021652,9.1946264
,,,,,
POINT (9.182689 45.472347 0.0),Lanza,,,45.472347,9.182689
"POLYGON ((9.182735 45.472535, 9.182805 45.472318, 9.182743 45.472275, 9.182746 45.472253, 9.182875 45.472273, 9.182792 45.47255, 9.182735 45.472535))",Lanza,,,45.472535,9.182735
POINT (9.196377 45.5032819),Largo Desio,,,45.5032819,9.196377
"POLYGON ((9.196444 45.503315, 9.196366 45.50332, 9.196329 45.503131, 9.196418 45.503129, 9.196444 45.503315))",Largo Desio,,,45.503315,9.196444
POINT (9.174736 45.437888 0.0),Lil Bridge,,,45.437888,9.174736
"POLYGON ((9.174619 45.437863, 9.174604 45.437791, 9.174638 45.437789, 9.174641 45.437804, 9.17478 45.437811, 9.174772 45.437796, 9.17481 45.437791, 9.174827 45.437854, 9.174796 45.43786, 9.174794 45.43785, 9.174646 45.437842, 9.174656 45.43786, 9.174619 45.437863))",Lil Bridge,,,45.437863,9.174619
POINT (9.4182182 45.4983896),Melzo Arcadia,,,45.4983896,9.4182182
"GEOMETRYCOLLECTION (POLYGON ((9.4183594 45.4983835, 9.4182557 45.4985625, 9.4177837 45.4984178, 9.4178507 45.4983237, 9.4181484 45.4982974, 9.4183594 45.4983835)), POLYGON ((9.4183594 45.4983835, 9.4183603 45.498382, 9.4186162 45.4982058, 9.4185588 45.4982617, 9.4183603 45.4983839, 9.4183594 45.4983835)), POLYGON ((9.4186162 45.4982058, 9.4186554 45.4981677, 9.4185991 45.4981132, 9.4186125 45.498038, 9.4186876 45.4979665, 9.41876 45.4978105, 9.4189907 45.4977842, 9.4187251 45.4980624, 9.4188673 45.4981564, 9.4193045 45.4985061, 9.4192052 45.49857, 9.4189397 45.4984591, 9.4189531 45.4984328, 9.4186607 45.4981752, 9.4186162 45.4982058)))",Melzo Arcadia,,,,
POINT (9.133681 45.448886 0.0),Mercato Lorenteggio,May get kicked off,,45.448886,9.133681
"POLYGON ((9.133415 45.448788, 9.133667 45.448417, 9.13404 45.448535, 9.133782 45.448902, 9.133415 45.448788))",Mercato Lorenteggio,May get kicked off,,45.448788,9.133415
POINT (9.2820307 45.5817905),Monza Sobborghi,,,45.5817905,9.2820307
"GEOMETRYCOLLECTION (POLYGON ((9.2822849 45.5816532, 9.2820495 45.5818036, 9.2815533 45.5818824, 9.2815507 45.5818205, 9.2818216 45.5817792, 9.2818296 45.5817229, 9.2820951 45.5817736, 9.2822849 45.5816532)), POLYGON ((9.2823124 45.581614, 9.2823204 45.5814563, 9.2824358 45.5814488, 9.2825109 45.5816102, 9.2824841 45.5816609, 9.2823258 45.5816271, 9.282323 45.5816289, 9.2823124 45.581614)))",Monza Sobborghi,,,,
POINT (9.1841838 45.4777308),Moscova,,,45.4777308,9.1841838
"POLYGON ((9.184139 45.477736, 9.184117 45.47768, 9.184243 45.477656, 9.184269 45.477713, 9.184139 45.477736))",Moscova,,,45.477736,9.184139
POINT (9.21909 45.537156 0.0),MultiMedica,,,45.537156,9.21909
"GEOMETRYCOLLECTION (LINESTRING (9.219107 45.537052 0.0, 9.219162 45.537156 0.0, 9.219107 45.537052 0.0), POLYGON ((9.219087 45.537013, 9.219215 45.536978, 9.219239 45.53702, 9.219107 45.537052, 9.219087 45.537013)), POLYGON ((9.219765 45.536816, 9.219803 45.536818, 9.219797 45.536904, 9.219902 45.53691, 9.219822 45.537122, 9.219717 45.536968, 9.21976 45.536895, 9.219765 45.536816)), POLYGON ((9.218593 45.537312, 9.218647 45.537406, 9.218604 45.537417, 9.21858 45.537366, 9.217737 45.537603, 9.217855 45.537826, 9.217812 45.537838, 9.217646 45.537528, 9.217694 45.537515, 9.217721 45.537562, 9.218553 45.53733, 9.218247 45.536778, 9.218293 45.536765, 9.218593 45.537312)))",MultiMedica,,,,
POINT (9.102614 45.45978 0.0),Muretti Iqbal,,,45.45978,9.102614
"POLYGON ((9.102351 45.459724, 9.102442 45.459502, 9.10307 45.459602, 9.102906 45.459837, 9.102351 45.459724))",Muretti Iqbal,,,45.459724,9.102351
POINT (9.1128637 45.4318935),Muri Rossi Corsico,,,45.4318935,9.1128637
"POLYGON ((9.112661 45.431797, 9.112716 45.431744, 9.112871 45.431812, 9.112931 45.43185, 9.112934 45.431903, 9.112916 45.431936, 9.112994 45.431973, 9.112944 45.432026, 9.112974 45.432039, 9.112939 45.432075, 9.112889 45.432056, 9.112901 45.432044, 9.112829 45.432014, 9.112883 45.431943, 9.112806 45.43191, 9.112825 45.43187, 9.112661 45.431797))",Muri Rossi Corsico,,,45.431797,9.112661
POINT (9.109107 45.4389599),Muri Rossi 2 Corsico,,,45.4389599,9.109107
"POLYGON ((9.108772 45.438895, 9.108806 45.438841, 9.109072 45.438922, 9.109158 45.438782, 9.10922 45.438811, 9.109158 45.438907, 9.109265 45.438942, 9.109177 45.439076, 9.109303 45.439116, 9.109252 45.43917, 9.109018 45.439102, 9.109069 45.439029, 9.109002 45.439012, 9.108933 45.439098, 9.108804 45.439102, 9.108729 45.439065, 9.108739 45.438982, 9.108796 45.438946, 9.108863 45.438933, 9.108772 45.438895))",Muri Rossi 2 Corsico,,,45.438895,9.108772
POINT (9.1713538 45.4982661),Muri Rossi Dergano,May get kicked off,,45.4982661,9.1713538
"GEOMETRYCOLLECTION (POLYGON ((9.171654 45.498379, 9.171831 45.498396, 9.171794 45.498545, 9.171619 45.498516, 9.171654 45.498379)), POLYGON ((9.171381 45.498053, 9.171249 45.498037, 9.171302 45.497897, 9.171438 45.497918, 9.171381 45.498053)))",Muri Rossi Dergano,May get kicked off,,,
POINT (9.248324 45.515878 0.0),Muri Rotti Adriano,,,45.515878,9.248324
"POLYGON ((9.248183 45.515898, 9.24808 45.515776, 9.248416 45.515664, 9.248501 45.515788, 9.248183 45.515898))",Muri Rotti Adriano,,,45.515898,9.248183
POINT (9.102792 45.428529 0.0),Panchine Corsico,,,45.428529,9.102792
"POLYGON ((9.102817 45.428624, 9.102805 45.428624, 9.102763 45.428611, 9.102789 45.428567, 9.102754 45.42849, 9.102352 45.42839, 9.102238 45.428461, 9.102183 45.428446, 9.1022 45.428409, 9.102278 45.42843, 9.102349 45.428384, 9.102441 45.428199, 9.10242 45.428124, 9.102361 45.428108, 9.102382 45.428063, 9.102452 45.428078, 9.102428 45.428116, 9.102452 45.428198, 9.102845 45.428298, 9.102924 45.428276, 9.102948 45.428225, 9.103011 45.428243, 9.102983 45.428292, 9.102934 45.428281, 9.102869 45.428305, 9.102871 45.428318, 9.102805 45.428448, 9.102754 45.428435, 9.102813 45.428319, 9.10248 45.428232, 9.102411 45.428364, 9.10277 45.42846, 9.102801 45.428564, 9.102853 45.428578, 9.102817 45.428624))",Panchine Corsico,,,45.428624,9.102817
POINT (9.1157344 45.4333491),Panchine 2 Corsico,,,45.4333491,9.1157344
"POLYGON ((9.11561 45.43336, 9.115696 45.433254, 9.115867 45.433325, 9.115811 45.433394, 9.115704 45.433352, 9.115671 45.433383, 9.11561 45.43336))",Panchine 2 Corsico,,,45.43336,9.11561
POINT (9.176346 45.498984 0.0),Parco Dergano,,,45.498984,9.176346
"POLYGON ((9.176468 45.499074, 9.176424 45.499029, 9.176458 45.499006, 9.176468 45.498975, 9.176454 45.49894, 9.176412 45.498918, 9.176366 45.498911, 9.176334 45.498924, 9.176303 45.498944, 9.17624 45.498903, 9.176295 45.498868, 9.176381 45.498853, 9.176479 45.49887, 9.176541 45.498922, 9.176556 45.498985, 9.176526 45.499048, 9.176468 45.499074))",Parco Dergano,,,45.499074,9.176468
POINT (9.112007 45.440963 0.0),Parco Corsico,i would hardly consider this a spot.,,45.440963,9.112007
"GEOMETRYCOLLECTION (POLYGON ((9.110904 45.4391319, 9.1108503 45.439194, 9.1107001 45.4391469, 9.1107457 45.4390622, 9.110904 45.4391319)), POLYGON ((9.1130363 45.4399185, 9.1127493 45.4398508, 9.112811 45.439815, 9.1128191 45.4397492, 9.1131087 45.4398433, 9.1130363 45.4399185)), POLYGON ((9.1114592 45.4405509, 9.1115879 45.4406337, 9.1114994 45.4406826, 9.1114753 45.4407711, 9.1113304 45.440677, 9.1114002 45.4406337, 9.1114592 45.4405509)), POLYGON ((9.1105419 45.4399844, 9.1104963 45.4399976, 9.1105016 45.4400428, 9.110448 45.4401199, 9.1102656 45.4400089, 9.1103702 45.4399505, 9.1103461 45.4398809, 9.1105419 45.4399844)), POLYGON ((9.1124167 45.440948, 9.1127332 45.4409724, 9.1126394 45.4410346, 9.1127118 45.4410967, 9.1127145 45.4411512, 9.1127627 45.44133, 9.1126635 45.4414147, 9.1124623 45.441394, 9.1126179 45.4412961, 9.1125884 45.4412002, 9.1124945 45.4410327, 9.1124167 45.440948)))",Parco Corsico,,,,
,,,,,
POINT (9.087512 45.461493 0.0),Parco Val d'Intelvi,,,45.461493,9.087512
"GEOMETRYCOLLECTION (POLYGON ((9.087788 45.461552, 9.087787 45.461553, 9.087617 45.461494, 9.087788 45.461552)), POLYGON ((9.087617 45.461494, 9.087282 45.46138, 9.08733 45.461323, 9.087652 45.461432, 9.087617 45.461494)), POLYGON ((9.087845 45.461573, 9.087535 45.461665, 9.087502 45.46172, 9.087477 45.461758, 9.087424 45.461737, 9.087444 45.4617, 9.087499 45.461714, 9.087516 45.461686, 9.087484 45.461651, 9.087495 45.46163, 9.087524 45.461637, 9.087787 45.461553, 9.087845 45.461573)))",Parco Val d'Intelvi,,,,
POINT (9.113998 45.454256 0.0),Parcheggio Bisceglie,Very high chance of getting kicked off if you go inside the parking lot,,45.454256,9.113998
"POLYGON ((9.1125 45.45394, 9.112591 45.453706, 9.114924 45.454094, 9.114796 45.454406, 9.114511 45.454357, 9.114533 45.454316, 9.1125 45.45394))",Parcheggio Bisceglie,Very high chance of getting kicked off if you go inside the parking lot,,45.45394,9.1125
"POLYGON ((9.0826801 45.5129038, 9.0826841 45.5128634, 9.0833171 45.5128944, 9.0833077 45.512932, 9.0826801 45.5129038))",Pero's Tigros Plyos,,,45.5129038,9.0826801
,High and long plyos, marcio level stuff,,,
POINT (9.112322 45.430534 0.0),Piazza I Maggio Corsico,,,45.430534,9.112322
"GEOMETRYCOLLECTION (POLYGON ((9.112045 45.430591, 9.112131 45.43062, 9.112102 45.430653, 9.112022 45.430621, 9.112045 45.430591)), POLYGON ((9.111888 45.430343, 9.111727 45.430551, 9.111636 45.430519, 9.111794 45.430307, 9.111888 45.430343)), POLYGON ((9.112183 45.430419, 9.112116 45.430395, 9.112138 45.430366, 9.112205 45.430391, 9.112183 45.430419)), POLYGON ((9.112087 45.430347, 9.112068 45.430359, 9.112032 45.430345, 9.112069 45.430294, 9.112112 45.430312, 9.112087 45.430347)))",Piazza I Maggio Corsico,,,,
POINT (9.196441 45.480796 0.0),Piazza Bardi,,,45.480796,9.196441
"POLYGON ((9.19633 45.480735, 9.196456 45.480688, 9.196484 45.480713, 9.196506 45.480768, 9.196369 45.4808, 9.19633 45.480735))",Piazza Bardi,,,45.480735,9.19633
POINT (9.220559 45.453429 0.0),Piazza Insubria,,,45.453429,9.220559
"GEOMETRYCOLLECTION (POLYGON ((9.220487 45.45316, 9.22031 45.453156, 9.220312 45.452968, 9.220487 45.45297, 9.220487 45.45316)), POLYGON ((9.220487 45.453651, 9.220704 45.453649, 9.220693 45.453946, 9.220422 45.453946, 9.220422 45.453645, 9.220487 45.453651)))",Piazza Insubria,,,,
POINT (9.190575 45.47695 0.0),Piazza Mattarella,,,45.47695,9.190575
"GEOMETRYCOLLECTION (POLYGON ((9.190572 45.476841, 9.1906 45.476912, 9.190496 45.47693, 9.190471 45.476857, 9.190572 45.476841)), POLYGON ((9.190801 45.47702, 9.190849 45.477165, 9.190712 45.477181, 9.190699 45.477133, 9.190609 45.47714, 9.190573 45.477071, 9.190564 45.47706, 9.190801 45.47702)))",Piazza Mattarella,,,,
POINT (9.245985 45.480149 0.0),Pietre Rubattino,,,45.480149,9.245985
"POLYGON ((9.24583 45.480098, 9.245845 45.480068, 9.246557 45.48024, 9.24652 45.480329, 9.246487 45.480322, 9.246505 45.480263, 9.24583 45.480098))",Pietre Rubattino,,,45.480098,9.24583
POINT (9.103436 45.429433 0.0),Ponte Verde Corsico,,,45.429433,9.103436
"POLYGON ((9.103826 45.429021, 9.103816 45.429064, 9.103649 45.429028, 9.103631 45.429049, 9.103636 45.429169, 9.103751 45.429194, 9.10373 45.429243, 9.103622 45.42922, 9.103515 45.429284, 9.103338 45.429252, 9.103344 45.429337, 9.103556 45.429401, 9.103585 45.429346, 9.103655 45.429361, 9.103617 45.429456, 9.103531 45.429438, 9.103298 45.42938, 9.103223 45.429342, 9.103411 45.42896, 9.103515 45.428942, 9.103826 45.429021))",Ponte Verde Corsico,,,45.429021,9.103826
POINT (9.245825 45.470739 0.0),Ponte Ortica,,,45.470739,9.245825
"POLYGON ((9.245798 45.470748, 9.245872 45.470677, 9.245947 45.470702, 9.245892 45.470778, 9.245857 45.470767, 9.245538 45.471154, 9.245564 45.471164, 9.245507 45.471233, 9.245442 45.47121, 9.245497 45.471146, 9.245531 45.471152, 9.245851 45.470765, 9.245798 45.470748))",Ponte Ortica,,,45.470748,9.245798
POINT (9.171062 45.437804 0.0),Raccordo Famagosta,,,45.437804,9.171062
"POLYGON ((9.170876 45.437782, 9.170809 45.437714, 9.17096 45.437588, 9.170801 45.437485, 9.170882 45.437406, 9.171072 45.437362, 9.171214 45.437442, 9.171161 45.437611, 9.171399 45.437746, 9.171338 45.437803, 9.170876 45.437782))",Raccordo Famagosta,,,45.437782,9.170876
POINT (9.1688132 45.4494651),Romolo 2 Back,,,45.4494651,9.1688132
,,,,,
"GEOMETRYCOLLECTION (POLYGON ((9.1690642 45.4494464, 9.1691688 45.4492111, 9.1693914 45.4493353, 9.1690642 45.4494464)), POLYGON ((9.1690642 45.4494464, 9.1689623 45.4494304, 9.1689194 45.4494859, 9.1685278 45.4498566, 9.1680906 45.4497437, 9.1682864 45.4492939, 9.1690642 45.4494464)))",Romolo 2 Back,,,,
,,,,,
POINT (9.3037603 45.5672119),San Damiano,,San Damiano,45.5672119,9.3037603
"POLYGON ((9.3034747 45.5672723, 9.3034687 45.5672155, 9.3038482 45.5671723, 9.3038703 45.5672549, 9.3034747 45.5672723))",San Damiano,,,45.5672723,9.3034747
"POLYGON ((9.17864 45.449173, 9.179182 45.449152, 9.179201 45.449508, 9.178654 45.449519, 9.17864 45.449173))",San Gottardo,,,45.449173,9.17864
POINT (9.2096304 45.5132478),Sbarre Rosse Bicocca,,,45.5132478,9.2096304
"POLYGON ((9.209552 45.513287, 9.209538 45.513258, 9.209768 45.5132, 9.209784 45.513228, 9.209552 45.513287))",Sbarre Rosse Bicocca,,,45.513287,9.209552
POINT (9.1679635 45.4500897),Scale Porta Genova,Stairs with some fun challenges to drop down and a tree in front.,,45.4500897,9.1679635
"POLYGON ((9.167814 45.450114, 9.167849 45.450043, 9.16812 45.450095, 9.168079 45.450165, 9.167814 45.450114))",Scale Porta Genova,,,45.450114,9.167814
POINT (9.254175 45.487421 0.0),Scale via Rombon,,,45.487421,9.254175
"GEOMETRYCOLLECTION (POLYGON ((9.25378 45.487457, 9.253834 45.487493, 9.253754 45.487555, 9.253697 45.48751, 9.25378 45.487457)), POLYGON ((9.254295 45.487098, 9.254389 45.487034, 9.254448 45.487085, 9.254338 45.487147, 9.254295 45.487098)))",Scale via Rombon,,,,
POINT (9.1346499 45.4696875),Selinunte Esselunga ,,,45.4696875,9.1346499
"POLYGON ((9.1344648 45.4697834, 9.1342932 45.4696762, 9.134599 45.4694843, 9.1348082 45.4696311, 9.1347384 45.4696894, 9.1346553 45.469648, 9.1344648 45.4697834))",Selinunte Esselunga ,,,45.4697834,9.1344648
POINT (9.2075061 45.6491863),Seregno Piazza Risorgimento ,,,45.6491863,9.2075061
,,,,,
"GEOMETRYCOLLECTION (POLYGON ((9.2082491 45.6492565, 9.2084529 45.6492547, 9.2084462 45.6493606, 9.2082424 45.6493559, 9.2082491 45.6492565)), POLYGON ((9.2073465 45.6493109, 9.2073492 45.649355, 9.207203 45.6493559, 9.2072017 45.6493137, 9.2073465 45.6493109)), POLYGON ((9.2073452 45.6490915, 9.2073411 45.649145, 9.207203 45.649144, 9.2072057 45.6490934, 9.2073452 45.6490915)), POLYGON ((9.2078749 45.6492537, 9.2078763 45.6492781, 9.2076992 45.6492828, 9.2076965 45.6490906, 9.2077904 45.6490887, 9.2077931 45.649205, 9.2078763 45.649205, 9.2078749 45.6492537)))",Seregno Piazza Risorgimento ,,,,
POINT (9.10332 45.427317 0.0),Sopraparcheggio Corsico,,,45.427317,9.10332
"POLYGON ((9.103145 45.427254, 9.103251 45.427054, 9.103688 45.427086, 9.103544 45.427346, 9.103145 45.427254))",Sopraparcheggio Corsico,,,45.427254,9.103145
POINT (9.091643 45.430529 0.0),Stazione Cesano,,,45.430529,9.091643
"POLYGON ((9.090881 45.430055, 9.090924 45.429985, 9.091592 45.430196, 9.091549 45.430258, 9.090881 45.430055))",Stazione Cesano,,,45.430055,9.090881
POINT (9.06691 45.420312 0.0),Stazione Trezzano,,,45.420312,9.06691
"POLYGON ((9.06688 45.420137, 9.067229 45.420284, 9.067135 45.420384, 9.066773 45.42024, 9.06688 45.420137))",Stazione Trezzano,,,45.420137,9.06688
POINT (9.170435 45.5262024),Sottopassaggio Bruzzano,,,45.5262024,9.170435
,,,,,
"POLYGON ((9.1703062 45.5261648, 9.1702043 45.5259637, 9.1702606 45.5259036, 9.1704162 45.5258848, 9.1704698 45.5259525, 9.1705181 45.5261329, 9.170435 45.5262024, 9.1703062 45.5261648))",Sottopassaggio Bruzzano,,,45.5261648,9.1703062
POINT (9.119029 45.439244 0.0),Sottopassaggio Lorenteggio,Watch out for the bikes,,45.439244,9.119029
"GEOMETRYCOLLECTION (POLYGON ((9.118955 45.439316, 9.118805 45.439264, 9.118889 45.439176, 9.118967 45.439203, 9.119002 45.439242, 9.118955 45.439316)), POLYGON ((9.118967 45.439203, 9.119104 45.439031, 9.119195 45.439057, 9.119155 45.43912, 9.119055 45.439093, 9.118967 45.439203)))",Sottopassaggio Lorenteggio,Watch out for the bikes,,,
POINT (9.160393 45.494461 0.0),Sottopasso Pucetta,Be careful at night,,45.494461,9.160393
"GEOMETRYCOLLECTION (POLYGON ((9.160536 45.494243, 9.160538 45.494221, 9.160775 45.49424, 9.160578 45.494589, 9.160495 45.494585, 9.160536 45.494243)), POLYGON ((9.160276 45.49423, 9.160233 45.494562, 9.160176 45.494562, 9.160038 45.494484, 9.160087 45.494432, 9.16001 45.494379, 9.160145 45.494219, 9.160276 45.49423)))",Sottopasso Pucetta,Be careful at night,,,
POINT (9.236975 45.514509 0.0),Tavoli Precotto,,,45.514509,9.236975
"POLYGON ((9.23693 45.514491, 9.236968 45.514407, 9.237052 45.514424, 9.237019 45.514506, 9.23693 45.514491))",Tavoli Precotto,,,45.514491,9.23693
POINT (9.0699369 45.416272),Trezzano Biblioteca,,,45.416272,9.0699369
,,,,,
"POLYGON ((9.0702642 45.416368, 9.070232 45.4164132, 9.0701944 45.4164037, 9.0701461 45.4163887, 9.0701113 45.4163604, 9.0700818 45.4163115, 9.0700764 45.4162776, 9.0700871 45.4162456, 9.0701166 45.4162117, 9.0700737 45.4161966, 9.0699879 45.4161985, 9.0699745 45.4161439, 9.0701783 45.4160385, 9.0702829 45.4161477, 9.0703553 45.4161552, 9.0704412 45.4161929, 9.0704197 45.4162174, 9.0704626 45.4162851, 9.0703929 45.4163002, 9.0703875 45.4163303, 9.0703339 45.4163623, 9.0702642 45.416368))",Trezzano Biblioteca,,,45.416368,9.0702642
POINT (9.2248498 45.4962198),Trotter Mini,,,45.4962198,9.2248498
,,,,,
"POLYGON ((9.2246946 45.4961942, 9.2247147 45.4961327, 9.225007 45.4961712, 9.224991 45.4962314, 9.2246946 45.4961942))",Trotter Mini,,,45.4961942,9.2246946
,,,,,
POINT (9.225403 45.497947 0.0),Turro,,,45.497947,9.225403
"GEOMETRYCOLLECTION (POLYGON ((9.225289 45.498036, 9.22523 45.498392, 9.225136 45.498388, 9.225203 45.498018, 9.225289 45.498036)), POLYGON ((9.22538 45.497608, 9.225289 45.497585, 9.225324 45.497392, 9.225415 45.497405, 9.22538 45.497608)))",Turro,,,,
POINT (9.1536274 45.4292784),Via Depretis,,,45.4292784,9.1536274
"POLYGON ((9.153751 45.429334, 9.153515 45.429269, 9.153541 45.429223, 9.153694 45.429264, 9.153682 45.429289, 9.153762 45.429312, 9.153751 45.429334))",Via Depretis,,,45.429334,9.153751
POINT (9.1548683 45.4293426),Via Depretis 2,,,45.4293426,9.1548683
"POLYGON ((9.154798 45.429429, 9.154716 45.429379, 9.15489 45.429244, 9.155052 45.42936, 9.154798 45.429429))",Via Depretis 2,,,45.429429,9.154798
POINT (9.182493 45.475615 0.0),Via Mantegazza,,,45.475615,9.182493
"POLYGON ((9.182305 45.475544, 9.182285 45.475518, 9.182246 45.475492, 9.18221 45.475474, 9.18221 45.475461, 9.182882 45.475512, 9.182866 45.475606, 9.182815 45.475602, 9.182818 45.475586, 9.182305 45.475544))",Via Mantegazza,,,45.475544,9.182305
